{
  "model": "gemini2.0",
  "num_scored": 1313,
  "mean": 0.7983772749024883,
  "stdev": 0.3749465164315486,
  "timestamp": 1755970179
}