{
  "model": "imagen4",
  "num_scored": 174,
  "mean": 0.9220440630738077,
  "stdev": 0.24339354104624436,
  "timestamp": 1755944599
}