{
  "model": "imagen4",
  "num_scored": 1598,
  "mean": 0.8999184565233402,
  "stdev": 0.27103889293708533,
  "timestamp": 1756022338
}