{
  "model": "sd-base1.0",
  "num_scored": 1600,
  "mean": 0.5220499363552074,
  "stdev": 0.4599190332041256,
  "timestamp": 1755951842
}