{
  "model": "sd-base0.9",
  "num_scored": 1600,
  "mean": 0.5555731131448927,
  "stdev": 0.4596193213529029,
  "timestamp": 1755951884
}