{
  "model": "sd3.5-medium",
  "num_scored": 1600,
  "mean": 0.6432295483917763,
  "stdev": 0.443213570162744,
  "timestamp": 1755952358
}