{
  "model": "sd3.5-large",
  "num_scored": 1113,
  "mean": 0.707059503979399,
  "stdev": 0.4228287309228198,
  "timestamp": 1755949739
}